{"cameraMode":{"drawMode":0,"name":"Shaded","section":"Shading Mode"},"sceneLighting":true,"audioPlay":false,"sceneViewState":{"showFog":true,"showMaterialUpdate":false,"showSkybox":true,"showFlares":true,"showImageEffects":true,"showParticleSystems":true},"in2DMode":false,"pivot":{"x":7.687319755554199,"y":5.326274871826172,"z":-63.185997009277347},"rotation":{"x":0.004637610167264938,"y":0.99472975730896,"z":-0.0915755107998848,"w":0.048354621976614},"size":72.10790252685547,"orthographic":false}