{"cameraMode":{"drawMode":0,"name":"Shaded","section":"Shading Mode"},"sceneLighting":true,"audioPlay":false,"sceneViewState":{"showFog":true,"showMaterialUpdate":false,"showSkybox":true,"showFlares":true,"showImageEffects":true,"showParticleSystems":true},"in2DMode":false,"pivot":{"x":95.4208755493164,"y":-80.03014373779297,"z":8.191412925720215},"rotation":{"x":-0.20205165445804597,"y":-0.6886314153671265,"z":0.2081926465034485,"w":-0.6647447347640991},"size":217.29652404785157,"orthographic":false}